Workbook

Sheet ALL VENDOR SUMMARY
A1: RVR FOOD & BEVERAGES PVT LTD
A2: ALL VENDOR SUMMARY | CATERING EXPENSE TRACKER — APRIL 2026
A3: TOTAL VENDORS | C3: NEED TO PAY (₹) | E3: ALREADY PAID (₹) | G3: NET BALANCE (₹)
A4: 20 | C4: =SUM(D8:D27) -> 2295131 | E4: =SUM(E8:E27) -> 209450 | G4: =D4-E4 -> -209450
A7: # | B7: Vendor Name | C7: Category | D7: Need to Pay (₹) | E7: Already Paid (₹) | F7: Balance (₹) | G7: Entries | H7: Status
A8: 1 | B8: Aakash Ice Cream | C8: — | D8: ='Aakash Ice Cream'!D3 -> 231080 | E8: ='Aakash Ice Cream'!F3 -> 200000 | F8: ='Aakash Ice Cream'!D4 -> 👉 Enter data below from Row 6 onwards | G8: ='Aakash Ice Cream'!B3 -> 18 | H8: =IF(F8=0,"✅ CLEARED","⏳ PENDING") -> ⏳ PENDING
A9: 2 | B9: Annapurneshwari Sweets | C9: — | D9: ='Annapurneshwari Sweets'!D3 -> 32480 | E9: ='Annapurneshwari Sweets'!F3 -> 0 | F9: ='Annapurneshwari Sweets'!D4 -> 👉 Enter data below from Row 6 onwards | G9: ='Annapurneshwari Sweets'!B3 -> 4 | H9: =IF(F9=0,"✅ CLEARED","⏳ PENDING") -> ⏳ PENDING
A10: 3 | B10: Baleyale (Kumara) | C10: — | D10: ='Baleyale (Kumara)'!D3 -> 11070 | E10: ='Baleyale (Kumara)'!F3 -> 0 | F10: ='Baleyale (Kumara)'!D4 -> 👉 Enter data below from Row 6 onwards | G10: ='Baleyale (Kumara)'!B3 -> 1 | H10: =IF(F10=0,"✅ CLEARED","⏳ PENDING") -> ⏳ PENDING
A11: 4 | B11: BSV Sweets | C11: — | D11: ='BSV Sweets'!D3 -> 2298 | E11: ='BSV Sweets'!F3 -> 0 | F11: ='BSV Sweets'!D4 -> 👉 Enter data below from Row 6 onwards | G11: ='BSV Sweets'!B3 -> 1 | H11: =IF(F11=0,"✅ CLEARED","⏳ PENDING") -> ⏳ PENDING
A12: 5 | B12: Girish Gas | C12: — | D12: ='Girish Gas'!D3 -> 28600 | E12: ='Girish Gas'!F3 -> 0 | F12: ='Girish Gas'!D4 -> 👉 Enter data below from Row 6 onwards | G12: ='Girish Gas'!B3 -> 1 | H12: =IF(F12=0,"✅ CLEARED","⏳ PENDING") -> ⏳ PENDING
A13: 6 | B13: Govardhan Milk & Curd | C13: — | D13: ='Govardhan Milk & Curd'!D3 -> 1548820 | E13: ='Govardhan Milk & Curd'!F3 -> 0 | F13: ='Govardhan Milk & Curd'!D4 -> 👉 Enter data below from Row 6 onwards | G13: ='Govardhan Milk & Curd'!B3 -> 53 | H13: =IF(F13=0,"✅ CLEARED","⏳ PENDING") -> ⏳ PENDING
A14: 7 | B14: Hebbar Sweets | C14: — | D14: ='Hebbar Sweets'!D3 -> 35408 | E14: ='Hebbar Sweets'!F3 -> 0 | F14: ='Hebbar Sweets'!D4 -> 👉 Enter data below from Row 6 onwards | G14: ='Hebbar Sweets'!B3 -> 1 | H14: =IF(F14=0,"✅ CLEARED","⏳ PENDING") -> ⏳ PENDING
A15: 8 | B15: Kisan – Vegetables | C15: — | D15: ='Kisan – Vegetables'!D3 -> 142172 | E15: ='Kisan – Vegetables'!F3 -> 0 | F15: ='Kisan – Vegetables'!D4 -> 👉 Enter data below from Row 6 onwards | G15: ='Kisan – Vegetables'!B3 -> 1 | H15: =IF(F15=0,"✅ CLEARED","⏳ PENDING") -> ⏳ PENDING
A16: 9 | B16: Netra Chapati | C16: — | D16: ='Netra Chapati'!D3 -> 4560 | E16: ='Netra Chapati'!F3 -> 0 | F16: ='Netra Chapati'!D4 -> 👉 Enter data below from Row 6 onwards | G16: ='Netra Chapati'!B3 -> 1 | H16: =IF(F16=0,"✅ CLEARED","⏳ PENDING") -> ⏳ PENDING
A17: 10 | B17: Petrol and CNG | C17: — | D17: ='Petrol and CNG'!D3 -> 0 | E17: ='Petrol and CNG'!F3 -> 0 | F17: ='Petrol and CNG'!D4 -> 👉 Enter data below from Row 6 onwards | G17: ='Petrol and CNG'!B3 -> 0 | H17: =IF(F17=0,"✅ CLEARED","⏳ PENDING") -> ⏳ PENDING
A18: 11 | B18: Plastic Items | C18: — | D18: ='Plastic Items'!D3 -> 46636 | E18: ='Plastic Items'!F3 -> 0 | F18: ='Plastic Items'!D4 -> 👉 Enter data below from Row 6 onwards | G18: ='Plastic Items'!B3 -> 1 | H18: =IF(F18=0,"✅ CLEARED","⏳ PENDING") -> ⏳ PENDING
A19: 12 | B19: Raghavendra Sweets | C19: — | D19: ='Raghavendra Sweets'!D3 -> 0 | E19: ='Raghavendra Sweets'!F3 -> 0 | F19: ='Raghavendra Sweets'!D4 -> 👉 Enter data below from Row 6 onwards | G19: ='Raghavendra Sweets'!B3 -> 0 | H19: =IF(F19=0,"✅ CLEARED","⏳ PENDING") -> ⏳ PENDING
A20: 13 | B20: Ramesh Areca Plate | C20: — | D20: ='Ramesh Areca Plate'!D3 -> 0 | E20: ='Ramesh Areca Plate'!F3 -> 9350 | F20: ='Ramesh Areca Plate'!D4 -> 👉 Enter data below from Row 6 onwards | G20: ='Ramesh Areca Plate'!B3 -> 1 | H20: =IF(F20=0,"✅ CLEARED","⏳ PENDING") -> ⏳ PENDING
A21: 14 | B21: Ramesh Beeda | C21: — | D21: ='Ramesh Beeda'!D3 -> 15855 | E21: ='Ramesh Beeda'!F3 -> 0 | F21: ='Ramesh Beeda'!D4 -> 👉 Enter data below from Row 6 onwards | G21: ='Ramesh Beeda'!B3 -> 1 | H21: =IF(F21=0,"✅ CLEARED","⏳ PENDING") -> ⏳ PENDING
A22: 15 | B22: Saffola Oil | C22: — | D22: ='Saffola Oil'!D3 -> 153752 | E22: ='Saffola Oil'!F3 -> 0 | F22: ='Saffola Oil'!D4 -> 👉 Enter data below from Row 6 onwards | G22: ='Saffola Oil'!B3 -> 1 | H22: =IF(F22=0,"✅ CLEARED","⏳ PENDING") -> ⏳ PENDING
A23: 16 | B23: Sunpure Oil | C23: — | D23: ='Sunpure Oil'!D3 -> 0 | E23: ='Sunpure Oil'!F3 -> 100 | F23: ='Sunpure Oil'!D4 -> 👉 Enter data below from Row 6 onwards | G23: ='Sunpure Oil'!B3 -> 1 | H23: =IF(F23=0,"✅ CLEARED","⏳ PENDING") -> ⏳ PENDING
A24: 17 | B24: Transport | C24: — | D24: =Transport!D3 -> 0 | E24: =Transport!F3 -> 0 | F24: =Transport!D4 -> 👉 Enter data below from Row 6 onwards | G24: =Transport!B3 -> 0 | H24: =IF(F24=0,"✅ CLEARED","⏳ PENDING") -> ⏳ PENDING
A25: 18 | B25: Vinayaka Provision Store | C25: — | D25: ='Vinayaka Provision Store'!D3 -> 0 | E25: ='Vinayaka Provision Store'!F3 -> 0 | F25: ='Vinayaka Provision Store'!D4 -> 👉 Enter data below from Row 6 onwards | G25: ='Vinayaka Provision Store'!B3 -> 0 | H25: =IF(F25=0,"✅ CLEARED","⏳ PENDING") -> ⏳ PENDING
A26: 19 | B26: Water Anytime | C26: — | D26: ='Water Anytime'!D3 -> 42400 | E26: ='Water Anytime'!F3 -> 0 | F26: ='Water Anytime'!D4 -> 👉 Enter data below from Row 6 onwards | G26: ='Water Anytime'!B3 -> 1 | H26: =IF(F26=0,"✅ CLEARED","⏳ PENDING") -> ⏳ PENDING
A27: 20 | B27: Gayathri Grocery | C27: — | D27: ='Gayathri Grocery'!D3 -> 0 | E27: ='Gayathri Grocery'!F3 -> 0 | F27: ='Gayathri Grocery'!D4 -> 👉 Enter data below from Row 6 onwards | G27: ='Gayathri Grocery'!B3 -> 0 | H27: =IF(F27=0,"✅ CLEARED","⏳ PENDING") -> ⏳ PENDING
A28: GRAND TOTAL | D28: =SUM(D8:D27) -> 2295131 | E28: =SUM(E8:E27) -> 209450 | F28: =D28-E28 -> 2085681

Sheet Daily Log
A1: RVR FOOD & BEVERAGES PVT LTD | DAILY TRANSACTIONS LOG
A2: APRIL 2026 — Source: Handwritten Notebooks
A4: # | B4: Date | C4: Vendor / Purpose | D4: Bill Reference | E4: Credit (₹) (Need to Pay) | F4: Debit (₹) (Already Paid) | G4: Linked Vendor Sheet | H4: Source
A5: =IF(C5="","",ROW()-4)
A6: =IF(C6="","",ROW()-4)
A7: =IF(C7="","",ROW()-4)
A8: =IF(C8="","",ROW()-4)
A9: =IF(C9="","",ROW()-4)
A10: =IF(C10="","",ROW()-4)
A11: =IF(C11="","",ROW()-4)
A12: =IF(C12="","",ROW()-4)
A13: =IF(C13="","",ROW()-4)
A14: =IF(C14="","",ROW()-4)
A15: =IF(C15="","",ROW()-4)
A16: =IF(C16="","",ROW()-4)
... A55: =IF(C55="","",ROW()-4)
A56: TOTAL | E56: =SUM(E5:E55) -> 0 | F56: =SUM(F5:F55) -> 0

Sheet March Summary
A1: RVR FOOD & BEVERAGES PVT LTD
A2: MARCH 2026 — VENDOR EXPENSE SUMMARY (Reference Only)
A4: # | B4: Vendor Name | C4: Category | D4: March Need to Pay (₹) | E4: March Already Paid (₹) | F4: March Balance (₹) | G4: Notes
A5: 1 | B5: Girish Gas | C5: Utilities | D5: 70000 | E5: 41400 | F5: 28600
A6: 2 | B6: Netra Chapati | C6: Food Items | D6: 4560 | E6: 0 | F6: 4560
A7: 3 | B7: Hebbar Sweets | C7: Sweets | D7: 35408 | E7: 0 | F7: 35408
A8: 4 | B8: BSV Sweets | C8: Sweets | D8: 2298 | E8: 0 | F8: 2298
A9: 5 | B9: Kisan – Vegetables | C9: Kitchen | D9: 142172 | E9: 0 | F9: 142172
A10: 6 | B10: Ramesh Areca Plate | C10: Consumables | D10: 1650 | E10: 11000 | F10: -9350
A11: 7 | B11: Sunpure Oil | C11: Kitchen | D11: 111100 | E11: 111200 | F11: -100
A12: 8 | B12: Plastic Items | C12: Consumables | D12: 46636 | E12: 0 | F12: 46636
A13: 9 | B13: Baleyale (Kumara) | C13: Client | D13: 11070 | E13: 0 | F13: 11070
A14: 10 | B14: Saffola Oil | C14: Kitchen | D14: 153752 | E14: 0 | F14: 153752
A15: 11 | B15: Water Anytime | C15: Vendor Pay | D15: 43200 | E15: 800 | F15: 42400
A16: 12 | B16: Ramesh Beeda | C16: Food Items | D16: 15855 | E16: 0 | F16: 15855
B17: MARCH TOTAL | D17: =SUM(D5:D16) -> 637701 | E17: =SUM(E5:E16) -> 164400 | F17: =D17-E17 -> 473301

Sheet April Summary
A1: RVR FOOD & BEVERAGES PVT LTD
A2: APRIL 2026 — VENDOR EXPENSE SUMMARY (with March Carry Forward)
A4: # | B4: Vendor Name | C4: Category | D4: March Carry Fwd (₹) | E4: April Need to Pay (₹) | F4: April Already Paid (₹) | G4: Net Balance (₹)
A5: 1 | B5: Aakash Ice Cream | C5: Food Items | D5: - | E5: ='Aakash Ice Cream'!D3 -> 231080 | F5: ='Aakash Ice Cream'!F3 -> 200000 | G5: =IF(D5="-",0,D5)+E5-F5 -> 31080
A6: 2 | B6: Annapurneshwari Sweets | C6: Sweets | D6: - | E6: ='Annapurneshwari Sweets'!D3 -> 32480 | F6: ='Annapurneshwari Sweets'!F3 -> 0 | G6: =IF(D6="-",0,D6)+E6-F6 -> 32480
A7: 3 | B7: Baleyale (Kumara) | C7: Client | D7: 11070 | E7: ='Baleyale (Kumara)'!D3 -> 11070 | F7: ='Baleyale (Kumara)'!F3 -> 0 | G7: =IF(D7="-",0,D7)+E7-F7 -> 22140
A8: 4 | B8: BSV Sweets | C8: Sweets | D8: 2298 | E8: ='BSV Sweets'!D3 -> 2298 | F8: ='BSV Sweets'!F3 -> 0 | G8: =IF(D8="-",0,D8)+E8-F8 -> 4596
A9: 5 | B9: Girish Gas | C9: Utilities | D9: 28600 | E9: ='Girish Gas'!D3 -> 28600 | F9: ='Girish Gas'!F3 -> 0 | G9: =IF(D9="-",0,D9)+E9-F9 -> 57200
A10: 6 | B10: Govardhan Milk & Curd | C10: Dairy | D10: - | E10: ='Govardhan Milk & Curd'!D3 -> 1548820 | F10: ='Govardhan Milk & Curd'!F3 -> 0 | G10: =IF(D10="-",0,D10)+E10-F10 -> 1548820
A11: 7 | B11: Hebbar Sweets | C11: Sweets | D11: 35408 | E11: ='Hebbar Sweets'!D3 -> 35408 | F11: ='Hebbar Sweets'!F3 -> 0 | G11: =IF(D11="-",0,D11)+E11-F11 -> 70816
A12: 8 | B12: Kisan – Vegetables | C12: Kitchen | D12: 142172 | E12: ='Kisan – Vegetables'!D3 -> 142172 | F12: ='Kisan – Vegetables'!F3 -> 0 | G12: =IF(D12="-",0,D12)+E12-F12 -> 284344
A13: 9 | B13: Netra Chapati | C13: Food Items | D13: 4560 | E13: ='Netra Chapati'!D3 -> 4560 | F13: ='Netra Chapati'!F3 -> 0 | G13: =IF(D13="-",0,D13)+E13-F13 -> 9120
A14: 10 | B14: Petrol and CNG | C14: Catering Expense | D14: - | E14: ='Petrol and CNG'!D3 -> 0 | F14: ='Petrol and CNG'!F3 -> 0 | G14: =IF(D14="-",0,D14)+E14-F14 -> 0
A15: 11 | B15: Plastic Items | C15: Consumables | D15: 46636 | E15: ='Plastic Items'!D3 -> 46636 | F15: ='Plastic Items'!F3 -> 0 | G15: =IF(D15="-",0,D15)+E15-F15 -> 93272
A16: 12 | B16: Raghavendra Sweets | C16: Sweets | D16: - | E16: ='Raghavendra Sweets'!D3 -> 0 | F16: ='Raghavendra Sweets'!F3 -> 0 | G16: =IF(D16="-",0,D16)+E16-F16 -> 0
A17: 13 | B17: Ramesh Areca Plate | C17: Consumables | D17: -9350 | E17: ='Ramesh Areca Plate'!D3 -> 0 | F17: ='Ramesh Areca Plate'!F3 -> 9350 | G17: =IF(D17="-",0,D17)+E17-F17 -> -18700
A18: 14 | B18: Ramesh Beeda | C18: Food Items | D18: 15855 | E18: ='Ramesh Beeda'!D3 -> 15855 | F18: ='Ramesh Beeda'!F3 -> 0 | G18: =IF(D18="-",0,D18)+E18-F18 -> 31710
A19: 15 | B19: Saffola Oil | C19: Kitchen | D19: 153752 | E19: ='Saffola Oil'!D3 -> 153752 | F19: ='Saffola Oil'!F3 -> 0 | G19: =IF(D19="-",0,D19)+E19-F19 -> 307504
A20: 16 | B20: Sunpure Oil | C20: Kitchen | D20: -100 | E20: ='Sunpure Oil'!D3 -> 0 | F20: ='Sunpure Oil'!F3 -> 100 | G20: =IF(D20="-",0,D20)+E20-F20 -> -200
A21: 17 | B21: Transport | C21: Catering Expense | D21: - | E21: =Transport!D3 -> 0 | F21: =Transport!F3 -> 0 | G21: =IF(D21="-",0,D21)+E21-F21 -> 0
A22: 18 | B22: Vinayaka Provision Store | C22: Vendor Pay | D22: - | E22: ='Vinayaka Provision Store'!D3 -> 0 | F22: ='Vinayaka Provision Store'!F3 -> 0 | G22: =IF(D22="-",0,D22)+E22-F22 -> 0
A23: 19 | B23: Water Anytime | C23: Vendor Pay | D23: 42400 | E23: ='Water Anytime'!D3 -> 42400 | F23: ='Water Anytime'!F3 -> 0 | G23: =IF(D23="-",0,D23)+E23-F23 -> 84800
A24: 20 | B24: Gayathri Grocery | C24: Grocery | D24: - | E24: ='Gayathri Grocery'!D3 -> 0 | F24: ='Gayathri Grocery'!F3 -> 0 | G24: =IF(D24="-",0,D24)+E24-F24 -> 0
A25: APRIL TOTAL | D25: =SUMIF(D5:D24,"<>-",D5:D24) -> 473301 | E25: =SUM(E5:E24) -> 2295131 | F25: =SUM(F5:F24) -> 209450 | G25: =SUM(G5:G24) -> 2558982

Sheet Aakash Ice Cream
A1: RVR FOOD & BEVERAGES PVT LTD | AAKASH ICE CREAM
A2: Category: Food Items | D2: Need to Pay (₹) | F2: Already Paid (₹)
A3: TOTAL | B3: =COUNTA(B6:B469) -> 18 | C3: 15270 | D3: =SUM(E6:E469) -> 231080 | F3: =SUM(F6:F469) -> 200000
A4: Balance: | B4: Need to Pay − Paid | C4: =D3-F3 -> 31080 | D4: 👉 Enter data below from Row 6 onwards
A5: # | B5: Date | C5: Bill / Reference | D5: Qty | E5: Need to Pay (₹) | F5: Already Paid (₹) | G5: Notes
A6: 1 | B6: 46113 | C6: L/c vanilla | D6: 72 | E6: 612 | G6: KITCHN
A7: 2 | B7: 46115 | C7: Bulk vanilla | D7: 1 | E7: 300 | G7: KITCHN | I7: 3 | J7: 900
A8: 3 | B8: 46116 | C8: L/c vanilla ,L/ b scotch ,Bulk vanilla | D8: 246 | E8: 4858 | G8: KITCHN | I8: 2 | J8: 800
A9: 4 | B9: 46117 | C9: Spl, bulk, Malai Kulfi | D9: 191 | E9: 9500 | G9: KITCHN | I9: 6 | J9: 2400
A10: 5 | B10: 46122 | C10: L/ b scotch | D10: 72 | E10: 1080 | G10: KITCHN | I10: 180 | J10: 5400
A11: 6 | B11: 46123 | C11: Malai Kulfi | D11: 40 | E11: 1200 | G11: KITCHN
A12: 7 | B12: 46124 | C12: L/c pista,L/c b scotch,L/c vanilla,Malai Kulfi | D12: 1625 | E12: 25602 | G12: KITCHN
A13: 8 | B13: 46127 | C13: L/v vanilla,L/c strawberry | D13: =192+216 -> 408 | E13: 3468 | G13: KITCHN
A14: 9 | B14: 46128 | C14: Bulk guava,Malai Kulfi | D14: 171 | E14: 6690 | F14: 100000 | G14: CASH PAID
A15: 10 | B15: 46131 | C15: Inv No 26 | D15: 308 | E15: 9748 | G15: KITCHN
A16: 11 | B16: 46132 | C16: Inv No 33 | D16: 1266 | E16: 29102 | G16: KITCHN
A17: 12 | B17: 46133 | C17: Inv No 34 | D17: 96 | E17: 816 | G17: KITCHN
A18: 13 | B18: 46134 | C18: Inv No 36 | D18: 48 | E18: 720 | G18: KITCHN
A19: 14 | B19: 46135 | C19: Inv No 38 | D19: 123 | E19: 2700 | G19: KITCHN
A20: 15 | B20: 46137 | C20: Inv No 42 | D20: 7 | E20: 2880 | G20: KITCHN
A21: 16 | B21: 46138 | C21: Inv No 47 | D21: 563 | E21: 11812 | G21: KITCHN
A22: 17 | B22: 46139 | C22: Inv No 48 | D22: 72 | E22: 612
A23: 18 | B23: 46142 | C23: Inv No 53 | D23: 218 | E23: 3840
A24: =IF(E24<>"",COUNTA($E$6:E24),IF(F24<>"",COUNTA($F$6:F24),""))
A25: TOTAL | E25: =SUM(E6:E24) -> 115540 | F25: =SUM(F6:F24) -> 100000

Sheet Annapurneshwari Sweets
A1: RVR FOOD & BEVERAGES PVT LTD | ANNAPURNESHWARI SWEETS
A2: Category: Sweets | D2: Need to Pay (₹) | F2: Already Paid (₹)
A3: TOTAL | B3: =COUNTA(B6:B504) -> 4 | C3: 4480 | D3: =SUM(E6:E504) -> 32480 | F3: =SUM(F6:F504) -> 0
A4: Balance: | B4: Need to Pay − Paid | C4: =D3-F3 -> 32480 | D4: 👉 Enter data below from Row 6 onwards
A5: Sl No | B5: Date | C5: Bill / Reference | D5: Qty | E5: Need to Pay (₹) | F5: Already Paid (₹) | G5: Notes
A6: 1 | B6: 46113 | E6: 1320
A7: 2 | B7: 46114 | E7: 2660
A8: 3 | B8: 46114 | E8: 500
A9: 4 | B9: 46116 | E9: 11760
A10: 5
A11: 6
A12: 7
A13: 8
A14: 9
A15: 10
A16: 11
A17: 12
A18: 13
A19: =IF(E19<>"",COUNTA($E$6:E19),IF(F19<>"",COUNTA($F$6:F19),""))
A20: =IF(E20<>"",COUNTA($E$6:E20),IF(F20<>"",COUNTA($F$6:F20),""))
A21: =IF(E21<>"",COUNTA($E$6:E21),IF(F21<>"",COUNTA($F$6:F21),""))
A22: =IF(E22<>"",COUNTA($E$6:E22),IF(F22<>"",COUNTA($F$6:F22),""))
A23: =IF(E23<>"",COUNTA($E$6:E23),IF(F23<>"",COUNTA($F$6:F23),""))
A24: =IF(E24<>"",COUNTA($E$6:E24),IF(F24<>"",COUNTA($F$6:F24),""))
A25: =IF(E25<>"",COUNTA($E$6:E25),IF(F25<>"",COUNTA($F$6:F25),""))
A26: =IF(E26<>"",COUNTA($E$6:E26),IF(F26<>"",COUNTA($F$6:F26),""))
A27: =IF(E27<>"",COUNTA($E$6:E27),IF(F27<>"",COUNTA($F$6:F27),""))
A28: =IF(E28<>"",COUNTA($E$6:E28),IF(F28<>"",COUNTA($F$6:F28),""))
A29: =IF(E29<>"",COUNTA($E$6:E29),IF(F29<>"",COUNTA($F$6:F29),""))
A30: =IF(E30<>"",COUNTA($E$6:E30),IF(F30<>"",COUNTA($F$6:F30),""))
... A53: =IF(E53<>"",COUNTA($E$6:E53),IF(F53<>"",COUNTA($F$6:F53),""))
A54: 12
A55: 1
A60: TOTAL | E60: =SUM(E6:E55) -> 16240 | F60: =SUM(F6:F55) -> 0

Sheet Baleyale (Kumara)
A1: RVR FOOD & BEVERAGES PVT LTD | BALEYALE (KUMARA)
A2: Category: Client | D2: Need to Pay (₹) | F2: Already Paid (₹)
A3: TOTAL | B3: =COUNTA(B6:B500) -> 1 | C3: 11070 | D3: =SUM(E6:E500) -> 11070 | F3: =SUM(F6:F500) -> 0
A4: Balance: | B4: Need to Pay − Paid | C4: =D3-F3 -> 11070 | D4: 👉 Enter data below from Row 6 onwards
A5: # | B5: Date | C5: Bill / Reference | D5: Qty | E5: Need to Pay (₹) | F5: Already Paid (₹) | G5: Notes
A6: → | B6: MARCH CARRY FORWARD | E6: 11070 | G6: Opening balance carried from March 2026
A7: =IF(E7<>"",COUNTA($E$6:E7),IF(F7<>"",COUNTA($F$6:F7),""))
A8: =IF(E8<>"",COUNTA($E$6:E8),IF(F8<>"",COUNTA($F$6:F8),""))
A9: =IF(E9<>"",COUNTA($E$6:E9),IF(F9<>"",COUNTA($F$6:F9),""))
A10: =IF(E10<>"",COUNTA($E$6:E10),IF(F10<>"",COUNTA($F$6:F10),""))
A11: =IF(E11<>"",COUNTA($E$6:E11),IF(F11<>"",COUNTA($F$6:F11),""))
A12: =IF(E12<>"",COUNTA($E$6:E12),IF(F12<>"",COUNTA($F$6:F12),""))
A13: =IF(E13<>"",COUNTA($E$6:E13),IF(F13<>"",COUNTA($F$6:F13),""))
A14: =IF(E14<>"",COUNTA($E$6:E14),IF(F14<>"",COUNTA($F$6:F14),""))
A15: =IF(E15<>"",COUNTA($E$6:E15),IF(F15<>"",COUNTA($F$6:F15),""))
A16: =IF(E16<>"",COUNTA($E$6:E16),IF(F16<>"",COUNTA($F$6:F16),""))
A17: =IF(E17<>"",COUNTA($E$6:E17),IF(F17<>"",COUNTA($F$6:F17),""))
A18: =IF(E18<>"",COUNTA($E$6:E18),IF(F18<>"",COUNTA($F$6:F18),""))
... A56: =IF(E56<>"",COUNTA($E$6:E56),IF(F56<>"",COUNTA($F$6:F56),""))
A57: TOTAL | E57: =SUM(E7:E56) -> 0 | F57: =SUM(F7:F56) -> 0

Sheet BSV Sweets
A1: RVR FOOD & BEVERAGES PVT LTD | BSV SWEETS
A2: Category: Sweets | D2: Need to Pay (₹) | F2: Already Paid (₹)
A3: TOTAL | B3: =COUNTA(B6:B500) -> 1 | C3: 2298 | D3: =SUM(E6:E500) -> 2298 | F3: =SUM(F6:F500) -> 0
A4: Balance: | B4: Need to Pay − Paid | C4: =D3-F3 -> 2298 | D4: 👉 Enter data below from Row 6 onwards
A5: # | B5: Date | C5: Bill / Reference | D5: Qty | E5: Need to Pay (₹) | F5: Already Paid (₹) | G5: Notes
A6: → | B6: MARCH CARRY FORWARD | E6: 2298 | G6: Opening balance carried from March 2026
A7: =IF(E7<>"",COUNTA($E$6:E7),IF(F7<>"",COUNTA($F$6:F7),""))
A8: =IF(E8<>"",COUNTA($E$6:E8),IF(F8<>"",COUNTA($F$6:F8),""))
A9: =IF(E9<>"",COUNTA($E$6:E9),IF(F9<>"",COUNTA($F$6:F9),""))
A10: =IF(E10<>"",COUNTA($E$6:E10),IF(F10<>"",COUNTA($F$6:F10),""))
A11: =IF(E11<>"",COUNTA($E$6:E11),IF(F11<>"",COUNTA($F$6:F11),""))
A12: =IF(E12<>"",COUNTA($E$6:E12),IF(F12<>"",COUNTA($F$6:F12),""))
A13: =IF(E13<>"",COUNTA($E$6:E13),IF(F13<>"",COUNTA($F$6:F13),""))
A14: =IF(E14<>"",COUNTA($E$6:E14),IF(F14<>"",COUNTA($F$6:F14),""))
A15: =IF(E15<>"",COUNTA($E$6:E15),IF(F15<>"",COUNTA($F$6:F15),""))
A16: =IF(E16<>"",COUNTA($E$6:E16),IF(F16<>"",COUNTA($F$6:F16),""))
A17: =IF(E17<>"",COUNTA($E$6:E17),IF(F17<>"",COUNTA($F$6:F17),""))
A18: =IF(E18<>"",COUNTA($E$6:E18),IF(F18<>"",COUNTA($F$6:F18),""))
... A56: =IF(E56<>"",COUNTA($E$6:E56),IF(F56<>"",COUNTA($F$6:F56),""))
A57: TOTAL | E57: =SUM(E7:E56) -> 0 | F57: =SUM(F7:F56) -> 0

Sheet Girish Gas
A1: RVR FOOD & BEVERAGES PVT LTD | GIRISH GAS
A2: Category: Utilities | D2: Need to Pay (₹) | F2: Already Paid (₹)
A3: TOTAL | B3: =COUNTA(B6:B500) -> 1 | C3: 70000 | D3: =SUM(E6:E500) -> 28600 | F3: =SUM(F6:F500) -> 0
A4: Balance: | B4: Need to Pay − Paid | C4: =D3-F3 -> 28600 | D4: 👉 Enter data below from Row 6 onwards
A5: # | B5: Date | C5: Bill / Reference | D5: Qty | E5: Need to Pay (₹) | F5: Already Paid (₹) | G5: Notes
A6: → | B6: MARCH CARRY FORWARD | E6: 28600 | G6: Opening balance carried from March 2026
A7: =IF(E7<>"",COUNTA($E$6:E7),IF(F7<>"",COUNTA($F$6:F7),""))
A8: =IF(E8<>"",COUNTA($E$6:E8),IF(F8<>"",COUNTA($F$6:F8),""))
A9: =IF(E9<>"",COUNTA($E$6:E9),IF(F9<>"",COUNTA($F$6:F9),""))
A10: =IF(E10<>"",COUNTA($E$6:E10),IF(F10<>"",COUNTA($F$6:F10),""))
A11: =IF(E11<>"",COUNTA($E$6:E11),IF(F11<>"",COUNTA($F$6:F11),""))
A12: =IF(E12<>"",COUNTA($E$6:E12),IF(F12<>"",COUNTA($F$6:F12),""))
A13: =IF(E13<>"",COUNTA($E$6:E13),IF(F13<>"",COUNTA($F$6:F13),""))
A14: =IF(E14<>"",COUNTA($E$6:E14),IF(F14<>"",COUNTA($F$6:F14),""))
A15: =IF(E15<>"",COUNTA($E$6:E15),IF(F15<>"",COUNTA($F$6:F15),""))
A16: =IF(E16<>"",COUNTA($E$6:E16),IF(F16<>"",COUNTA($F$6:F16),""))
A17: =IF(E17<>"",COUNTA($E$6:E17),IF(F17<>"",COUNTA($F$6:F17),""))
A18: =IF(E18<>"",COUNTA($E$6:E18),IF(F18<>"",COUNTA($F$6:F18),""))
... A56: =IF(E56<>"",COUNTA($E$6:E56),IF(F56<>"",COUNTA($F$6:F56),""))
A57: TOTAL | E57: =SUM(E7:E56) -> 0 | F57: =SUM(F7:F56) -> 0

Sheet Govardhan Milk & Curd
A1: RVR FOOD & BEVERAGES PVT LTD | GOVARDHAN MILK & CURD
A2: Category: Dairy | D2: Need to Pay (₹) | F2: Already Paid (₹)
A3: TOTAL | B3: =COUNTA(B6:B503) -> 53 | C3: 211144 | D3: =SUM(E6:E503) -> 1548820 | F3: =SUM(F6:F503) -> 0
A4: Balance: | B4: Need to Pay − Paid | C4: =D3-F3 -> 1548820 | D4: 👉 Enter data below from Row 6 onwards
A5: # | B5: Date | C5: Bill / Reference | D5: Qty | E5: Need to Pay (₹) | F5: Already Paid (₹) | G5: Notes
A6: 1 | B6: 46113 | E6: 3062
A7: 2 | B7: 46114 | E7: 2836
A8: 3 | B8: 46115 | E8: 12390
A9: 4 | B9: 46116 | E9: 698
A10: 5 | B10: 46117 | E10: 25542
A11: 6 | B11: 46119 | E11: 698
A12: 7 | B12: 46120 | E12: 1580
A13: 8 | B13: 46121 | E13: 4090
A14: 9 | B14: 46122 | E14: 4238
A15: 10 | B15: 46123 | E15: 6930
A16: 11 | B16: 46123 | E16: 45390
A17: 12 | B17: 46124 | E17: 25120
... A58: 53 | B58: 46142 | E58: 7268
A59: TOTAL | E59: =SUM(E6:E58) -> 774410 | F59: =SUM(F6:F58) -> 0

Sheet Hebbar Sweets
A1: RVR FOOD & BEVERAGES PVT LTD | HEBBAR SWEETS
A2: Category: Sweets | D2: Need to Pay (₹) | F2: Already Paid (₹)
A3: TOTAL | B3: =COUNTA(B6:B500) -> 1 | C3: 36508 | D3: =SUM(E6:E500) -> 35408 | F3: =SUM(F6:F500) -> 0
A4: Balance: | B4: Need to Pay − Paid | C4: =D3-F3 -> 35408 | D4: 👉 Enter data below from Row 6 onwards
A5: # | B5: Date | C5: Bill / Reference | D5: Qty | E5: Need to Pay (₹) | F5: Already Paid (₹) | G5: Notes
A6: → | B6: MARCH CARRY FORWARD | E6: 35408 | G6: Opening balance carried from March 2026
A7: =IF(E7<>"",COUNTA($E$6:E7),IF(F7<>"",COUNTA($F$6:F7),""))
A8: =IF(E8<>"",COUNTA($E$6:E8),IF(F8<>"",COUNTA($F$6:F8),""))
A9: =IF(E9<>"",COUNTA($E$6:E9),IF(F9<>"",COUNTA($F$6:F9),""))
A10: =IF(E10<>"",COUNTA($E$6:E10),IF(F10<>"",COUNTA($F$6:F10),""))
A11: =IF(E11<>"",COUNTA($E$6:E11),IF(F11<>"",COUNTA($F$6:F11),""))
A12: =IF(E12<>"",COUNTA($E$6:E12),IF(F12<>"",COUNTA($F$6:F12),""))
A13: =IF(E13<>"",COUNTA($E$6:E13),IF(F13<>"",COUNTA($F$6:F13),""))
A14: =IF(E14<>"",COUNTA($E$6:E14),IF(F14<>"",COUNTA($F$6:F14),""))
A15: =IF(E15<>"",COUNTA($E$6:E15),IF(F15<>"",COUNTA($F$6:F15),""))
A16: =IF(E16<>"",COUNTA($E$6:E16),IF(F16<>"",COUNTA($F$6:F16),""))
A17: =IF(E17<>"",COUNTA($E$6:E17),IF(F17<>"",COUNTA($F$6:F17),""))
A18: =IF(E18<>"",COUNTA($E$6:E18),IF(F18<>"",COUNTA($F$6:F18),""))
... A56: =IF(E56<>"",COUNTA($E$6:E56),IF(F56<>"",COUNTA($F$6:F56),""))
A57: TOTAL | E57: =SUM(E7:E56) -> 0 | F57: =SUM(F7:F56) -> 0

Sheet Kisan – Vegetables
A1: RVR FOOD & BEVERAGES PVT LTD | KISAN – VEGETABLES
A2: Category: Kitchen | D2: Need to Pay (₹) | F2: Already Paid (₹)
A3: TOTAL | B3: =COUNTA(B6:B500) -> 1 | C3: 208552 | D3: =SUM(E6:E500) -> 142172 | F3: =SUM(F6:F500) -> 0
A4: Balance: | B4: Need to Pay − Paid | C4: =D3-F3 -> 142172 | D4: 👉 Enter data below from Row 6 onwards
A5: # | B5: Date | C5: Bill / Reference | D5: Qty | E5: Need to Pay (₹) | F5: Already Paid (₹) | G5: Notes
A6: → | B6: MARCH CARRY FORWARD | E6: 142172 | G6: Opening balance carried from March 2026
A7: =IF(E7<>"",COUNTA($E$6:E7),IF(F7<>"",COUNTA($F$6:F7),""))
A8: =IF(E8<>"",COUNTA($E$6:E8),IF(F8<>"",COUNTA($F$6:F8),""))
A9: =IF(E9<>"",COUNTA($E$6:E9),IF(F9<>"",COUNTA($F$6:F9),""))
A10: =IF(E10<>"",COUNTA($E$6:E10),IF(F10<>"",COUNTA($F$6:F10),""))
A11: =IF(E11<>"",COUNTA($E$6:E11),IF(F11<>"",COUNTA($F$6:F11),""))
A12: =IF(E12<>"",COUNTA($E$6:E12),IF(F12<>"",COUNTA($F$6:F12),""))
A13: =IF(E13<>"",COUNTA($E$6:E13),IF(F13<>"",COUNTA($F$6:F13),""))
A14: =IF(E14<>"",COUNTA($E$6:E14),IF(F14<>"",COUNTA($F$6:F14),""))
A15: =IF(E15<>"",COUNTA($E$6:E15),IF(F15<>"",COUNTA($F$6:F15),""))
A16: =IF(E16<>"",COUNTA($E$6:E16),IF(F16<>"",COUNTA($F$6:F16),""))
A17: =IF(E17<>"",COUNTA($E$6:E17),IF(F17<>"",COUNTA($F$6:F17),""))
A18: =IF(E18<>"",COUNTA($E$6:E18),IF(F18<>"",COUNTA($F$6:F18),""))
... A56: =IF(E56<>"",COUNTA($E$6:E56),IF(F56<>"",COUNTA($F$6:F56),""))
A57: TOTAL | E57: =SUM(E7:E56) -> 0 | F57: =SUM(F7:F56) -> 0

Sheet Netra Chapati
A1: RVR FOOD & BEVERAGES PVT LTD | NETRA CHAPATI
A2: Category: Food Items | D2: Need to Pay (₹) | F2: Already Paid (₹)
A3: TOTAL | B3: =COUNTA(B6:B500) -> 1 | C3: 4560 | D3: =SUM(E6:E500) -> 4560 | F3: =SUM(F6:F500) -> 0
A4: Balance: | B4: Need to Pay − Paid | C4: =D3-F3 -> 4560 | D4: 👉 Enter data below from Row 6 onwards
A5: # | B5: Date | C5: Bill / Reference | D5: Qty | E5: Need to Pay (₹) | F5: Already Paid (₹) | G5: Notes
A6: → | B6: MARCH CARRY FORWARD | E6: 4560 | G6: Opening balance carried from March 2026
A7: =IF(E7<>"",COUNTA($E$6:E7),IF(F7<>"",COUNTA($F$6:F7),""))
A8: =IF(E8<>"",COUNTA($E$6:E8),IF(F8<>"",COUNTA($F$6:F8),""))
A9: =IF(E9<>"",COUNTA($E$6:E9),IF(F9<>"",COUNTA($F$6:F9),""))
A10: =IF(E10<>"",COUNTA($E$6:E10),IF(F10<>"",COUNTA($F$6:F10),""))
A11: =IF(E11<>"",COUNTA($E$6:E11),IF(F11<>"",COUNTA($F$6:F11),""))
A12: =IF(E12<>"",COUNTA($E$6:E12),IF(F12<>"",COUNTA($F$6:F12),""))
A13: =IF(E13<>"",COUNTA($E$6:E13),IF(F13<>"",COUNTA($F$6:F13),""))
A14: =IF(E14<>"",COUNTA($E$6:E14),IF(F14<>"",COUNTA($F$6:F14),""))
A15: =IF(E15<>"",COUNTA($E$6:E15),IF(F15<>"",COUNTA($F$6:F15),""))
A16: =IF(E16<>"",COUNTA($E$6:E16),IF(F16<>"",COUNTA($F$6:F16),""))
A17: =IF(E17<>"",COUNTA($E$6:E17),IF(F17<>"",COUNTA($F$6:F17),""))
A18: =IF(E18<>"",COUNTA($E$6:E18),IF(F18<>"",COUNTA($F$6:F18),""))
... A56: =IF(E56<>"",COUNTA($E$6:E56),IF(F56<>"",COUNTA($F$6:F56),""))
A57: TOTAL | E57: =SUM(E7:E56) -> 0 | F57: =SUM(F7:F56) -> 0

Sheet Petrol and CNG
A1: RVR FOOD & BEVERAGES PVT LTD | PETROL AND CNG
A2: Category: Catering Expense | D2: Need to Pay (₹) | F2: Already Paid (₹)
A3: TOTAL | B3: =COUNTA(B6:B500) -> 0 | C3: 0 | D3: =SUM(E6:E500) -> 0 | F3: =SUM(F6:F500) -> 0
A4: Balance: | B4: Need to Pay − Paid | C4: =D3-F3 -> 0 | D4: 👉 Enter data below from Row 6 onwards
A5: # | B5: Date | C5: Bill / Reference | D5: Qty | E5: Need to Pay (₹) | F5: Already Paid (₹) | G5: Notes
A6: =IF(E6<>"",COUNTA($E$6:E6),IF(F6<>"",COUNTA($F$6:F6),""))
A7: =IF(E7<>"",COUNTA($E$6:E7),IF(F7<>"",COUNTA($F$6:F7),""))
A8: =IF(E8<>"",COUNTA($E$6:E8),IF(F8<>"",COUNTA($F$6:F8),""))
A9: =IF(E9<>"",COUNTA($E$6:E9),IF(F9<>"",COUNTA($F$6:F9),""))
A10: =IF(E10<>"",COUNTA($E$6:E10),IF(F10<>"",COUNTA($F$6:F10),""))
A11: =IF(E11<>"",COUNTA($E$6:E11),IF(F11<>"",COUNTA($F$6:F11),""))
A12: =IF(E12<>"",COUNTA($E$6:E12),IF(F12<>"",COUNTA($F$6:F12),""))
A13: =IF(E13<>"",COUNTA($E$6:E13),IF(F13<>"",COUNTA($F$6:F13),""))
A14: =IF(E14<>"",COUNTA($E$6:E14),IF(F14<>"",COUNTA($F$6:F14),""))
A15: =IF(E15<>"",COUNTA($E$6:E15),IF(F15<>"",COUNTA($F$6:F15),""))
A16: =IF(E16<>"",COUNTA($E$6:E16),IF(F16<>"",COUNTA($F$6:F16),""))
A17: =IF(E17<>"",COUNTA($E$6:E17),IF(F17<>"",COUNTA($F$6:F17),""))
... A55: =IF(E55<>"",COUNTA($E$6:E55),IF(F55<>"",COUNTA($F$6:F55),""))
A56: TOTAL | E56: =SUM(E6:E55) -> 0 | F56: =SUM(F6:F55) -> 0

Sheet Plastic Items
A1: RVR FOOD & BEVERAGES PVT LTD | PLASTIC ITEMS
A2: Category: Consumables | D2: Need to Pay (₹) | F2: Already Paid (₹)
A3: TOTAL | B3: =COUNTA(B6:B500) -> 1 | C3: 90479 | D3: =SUM(E6:E500) -> 46636 | F3: =SUM(F6:F500) -> 0
A4: Balance: | B4: Need to Pay − Paid | C4: =D3-F3 -> 46636 | D4: 👉 Enter data below from Row 6 onwards
A5: # | B5: Date | C5: Bill / Reference | D5: Qty | E5: Need to Pay (₹) | F5: Already Paid (₹) | G5: Notes
A6: → | B6: MARCH CARRY FORWARD | E6: 46636 | G6: Opening balance carried from March 2026
A7: =IF(E7<>"",COUNTA($E$6:E7),IF(F7<>"",COUNTA($F$6:F7),""))
A8: =IF(E8<>"",COUNTA($E$6:E8),IF(F8<>"",COUNTA($F$6:F8),""))
A9: =IF(E9<>"",COUNTA($E$6:E9),IF(F9<>"",COUNTA($F$6:F9),""))
A10: =IF(E10<>"",COUNTA($E$6:E10),IF(F10<>"",COUNTA($F$6:F10),""))
A11: =IF(E11<>"",COUNTA($E$6:E11),IF(F11<>"",COUNTA($F$6:F11),""))
A12: =IF(E12<>"",COUNTA($E$6:E12),IF(F12<>"",COUNTA($F$6:F12),""))
A13: =IF(E13<>"",COUNTA($E$6:E13),IF(F13<>"",COUNTA($F$6:F13),""))
A14: =IF(E14<>"",COUNTA($E$6:E14),IF(F14<>"",COUNTA($F$6:F14),""))
A15: =IF(E15<>"",COUNTA($E$6:E15),IF(F15<>"",COUNTA($F$6:F15),""))
A16: =IF(E16<>"",COUNTA($E$6:E16),IF(F16<>"",COUNTA($F$6:F16),""))
A17: =IF(E17<>"",COUNTA($E$6:E17),IF(F17<>"",COUNTA($F$6:F17),""))
A18: =IF(E18<>"",COUNTA($E$6:E18),IF(F18<>"",COUNTA($F$6:F18),""))
... A56: =IF(E56<>"",COUNTA($E$6:E56),IF(F56<>"",COUNTA($F$6:F56),""))
A57: TOTAL | E57: =SUM(E7:E56) -> 0 | F57: =SUM(F7:F56) -> 0

Sheet Raghavendra Sweets
A1: RVR FOOD & BEVERAGES PVT LTD | RAGHAVENDRA SWEETS
A2: Category: Sweets | D2: Need to Pay (₹) | F2: Already Paid (₹)
A3: TOTAL | B3: =COUNTA(B6:B500) -> 0 | C3: =SUM(E6:E1000) -> 0 | D3: =SUM(E6:E500) -> 0 | F3: =SUM(F6:F500) -> 0
A4: Balance: | B4: Need to Pay − Paid | C4: =D3-F3 -> 0 | D4: 👉 Enter data below from Row 6 onwards
A5: # | B5: Date | C5: Bill / Reference | D5: Qty | E5: Need to Pay (₹) | F5: Already Paid (₹) | G5: Notes
A6: =IF(E6<>"",COUNTA($E$6:E6),IF(F6<>"",COUNTA($F$6:F6),""))
A7: =IF(E7<>"",COUNTA($E$6:E7),IF(F7<>"",COUNTA($F$6:F7),""))
A8: =IF(E8<>"",COUNTA($E$6:E8),IF(F8<>"",COUNTA($F$6:F8),""))
A9: =IF(E9<>"",COUNTA($E$6:E9),IF(F9<>"",COUNTA($F$6:F9),""))
A10: =IF(E10<>"",COUNTA($E$6:E10),IF(F10<>"",COUNTA($F$6:F10),""))
A11: =IF(E11<>"",COUNTA($E$6:E11),IF(F11<>"",COUNTA($F$6:F11),""))
A12: =IF(E12<>"",COUNTA($E$6:E12),IF(F12<>"",COUNTA($F$6:F12),""))
A13: =IF(E13<>"",COUNTA($E$6:E13),IF(F13<>"",COUNTA($F$6:F13),""))
A14: =IF(E14<>"",COUNTA($E$6:E14),IF(F14<>"",COUNTA($F$6:F14),""))
A15: =IF(E15<>"",COUNTA($E$6:E15),IF(F15<>"",COUNTA($F$6:F15),""))
A16: =IF(E16<>"",COUNTA($E$6:E16),IF(F16<>"",COUNTA($F$6:F16),""))
A17: =IF(E17<>"",COUNTA($E$6:E17),IF(F17<>"",COUNTA($F$6:F17),""))
... A55: =IF(E55<>"",COUNTA($E$6:E55),IF(F55<>"",COUNTA($F$6:F55),""))
A56: TOTAL | E56: =SUM(E6:E55) -> 0 | F56: =SUM(F6:F55) -> 0

Sheet Ramesh Areca Plate
A1: RVR FOOD & BEVERAGES PVT LTD | RAMESH ARECA PLATE
A2: Category: Consumables | D2: Need to Pay (₹) | F2: Already Paid (₹)
A3: TOTAL | B3: =COUNTA(B6:B500) -> 1 | C3: 1650 | D3: =SUM(E6:E500) -> 0 | F3: =SUM(F6:F500) -> 9350
A4: Balance: | B4: Need to Pay − Paid | C4: =D3-F3 -> -9350 | D4: 👉 Enter data below from Row 6 onwards
A5: # | B5: Date | C5: Bill / Reference | D5: Qty | E5: Need to Pay (₹) | F5: Already Paid (₹) | G5: Notes
A6: → | B6: MARCH CARRY FORWARD | F6: 9350 | G6: Opening balance carried from March 2026
A7: =IF(E7<>"",COUNTA($E$6:E7),IF(F7<>"",COUNTA($F$6:F7),""))
A8: =IF(E8<>"",COUNTA($E$6:E8),IF(F8<>"",COUNTA($F$6:F8),""))
A9: =IF(E9<>"",COUNTA($E$6:E9),IF(F9<>"",COUNTA($F$6:F9),""))
A10: =IF(E10<>"",COUNTA($E$6:E10),IF(F10<>"",COUNTA($F$6:F10),""))
A11: =IF(E11<>"",COUNTA($E$6:E11),IF(F11<>"",COUNTA($F$6:F11),""))
A12: =IF(E12<>"",COUNTA($E$6:E12),IF(F12<>"",COUNTA($F$6:F12),""))
A13: =IF(E13<>"",COUNTA($E$6:E13),IF(F13<>"",COUNTA($F$6:F13),""))
A14: =IF(E14<>"",COUNTA($E$6:E14),IF(F14<>"",COUNTA($F$6:F14),""))
A15: =IF(E15<>"",COUNTA($E$6:E15),IF(F15<>"",COUNTA($F$6:F15),""))
A16: =IF(E16<>"",COUNTA($E$6:E16),IF(F16<>"",COUNTA($F$6:F16),""))
A17: =IF(E17<>"",COUNTA($E$6:E17),IF(F17<>"",COUNTA($F$6:F17),""))
A18: =IF(E18<>"",COUNTA($E$6:E18),IF(F18<>"",COUNTA($F$6:F18),""))
... A56: =IF(E56<>"",COUNTA($E$6:E56),IF(F56<>"",COUNTA($F$6:F56),""))
A57: TOTAL | E57: =SUM(E7:E56) -> 0 | F57: =SUM(F7:F56) -> 0

Sheet Ramesh Beeda
A1: RVR FOOD & BEVERAGES PVT LTD | RAMESH BEEDA
A2: Category: Food Items | D2: Need to Pay (₹) | F2: Already Paid (₹)
A3: TOTAL | B3: =COUNTA(B6:B500) -> 1 | C3: 16155 | D3: =SUM(E6:E500) -> 15855 | F3: =SUM(F6:F500) -> 0
A4: Balance: | B4: Need to Pay − Paid | C4: =D3-F3 -> 15855 | D4: 👉 Enter data below from Row 6 onwards
A5: # | B5: Date | C5: Bill / Reference | D5: Qty | E5: Need to Pay (₹) | F5: Already Paid (₹) | G5: Notes
A6: → | B6: MARCH CARRY FORWARD | E6: 15855 | G6: Opening balance carried from March 2026
A7: =IF(E7<>"",COUNTA($E$6:E7),IF(F7<>"",COUNTA($F$6:F7),""))
A8: =IF(E8<>"",COUNTA($E$6:E8),IF(F8<>"",COUNTA($F$6:F8),""))
A9: =IF(E9<>"",COUNTA($E$6:E9),IF(F9<>"",COUNTA($F$6:F9),""))
A10: =IF(E10<>"",COUNTA($E$6:E10),IF(F10<>"",COUNTA($F$6:F10),""))
A11: =IF(E11<>"",COUNTA($E$6:E11),IF(F11<>"",COUNTA($F$6:F11),""))
A12: =IF(E12<>"",COUNTA($E$6:E12),IF(F12<>"",COUNTA($F$6:F12),""))
A13: =IF(E13<>"",COUNTA($E$6:E13),IF(F13<>"",COUNTA($F$6:F13),""))
A14: =IF(E14<>"",COUNTA($E$6:E14),IF(F14<>"",COUNTA($F$6:F14),""))
A15: =IF(E15<>"",COUNTA($E$6:E15),IF(F15<>"",COUNTA($F$6:F15),""))
A16: =IF(E16<>"",COUNTA($E$6:E16),IF(F16<>"",COUNTA($F$6:F16),""))
A17: =IF(E17<>"",COUNTA($E$6:E17),IF(F17<>"",COUNTA($F$6:F17),""))
A18: =IF(E18<>"",COUNTA($E$6:E18),IF(F18<>"",COUNTA($F$6:F18),""))
... A56: =IF(E56<>"",COUNTA($E$6:E56),IF(F56<>"",COUNTA($F$6:F56),""))
A57: TOTAL | E57: =SUM(E7:E56) -> 0 | F57: =SUM(F7:F56) -> 0

Sheet Saffola Oil
A1: RVR FOOD & BEVERAGES PVT LTD | SAFFOLA OIL
A2: Category: Kitchen | D2: Need to Pay (₹) | F2: Already Paid (₹)
A3: TOTAL | B3: =COUNTA(B6:B500) -> 1 | C3: 153752 | D3: =SUM(E6:E500) -> 153752 | F3: =SUM(F6:F500) -> 0
A4: Balance: | B4: Need to Pay − Paid | C4: =D3-F3 -> 153752 | D4: 👉 Enter data below from Row 6 onwards
A5: # | B5: Date | C5: Bill / Reference | D5: Qty | E5: Need to Pay (₹) | F5: Already Paid (₹) | G5: Notes
A6: → | B6: MARCH CARRY FORWARD | E6: 153752 | G6: Opening balance carried from March 2026
A7: =IF(E7<>"",COUNTA($E$6:E7),IF(F7<>"",COUNTA($F$6:F7),""))
A8: =IF(E8<>"",COUNTA($E$6:E8),IF(F8<>"",COUNTA($F$6:F8),""))
A9: =IF(E9<>"",COUNTA($E$6:E9),IF(F9<>"",COUNTA($F$6:F9),""))
A10: =IF(E10<>"",COUNTA($E$6:E10),IF(F10<>"",COUNTA($F$6:F10),""))
A11: =IF(E11<>"",COUNTA($E$6:E11),IF(F11<>"",COUNTA($F$6:F11),""))
A12: =IF(E12<>"",COUNTA($E$6:E12),IF(F12<>"",COUNTA($F$6:F12),""))
A13: =IF(E13<>"",COUNTA($E$6:E13),IF(F13<>"",COUNTA($F$6:F13),""))
A14: =IF(E14<>"",COUNTA($E$6:E14),IF(F14<>"",COUNTA($F$6:F14),""))
A15: =IF(E15<>"",COUNTA($E$6:E15),IF(F15<>"",COUNTA($F$6:F15),""))
A16: =IF(E16<>"",COUNTA($E$6:E16),IF(F16<>"",COUNTA($F$6:F16),""))
A17: =IF(E17<>"",COUNTA($E$6:E17),IF(F17<>"",COUNTA($F$6:F17),""))
A18: =IF(E18<>"",COUNTA($E$6:E18),IF(F18<>"",COUNTA($F$6:F18),""))
... A56: =IF(E56<>"",COUNTA($E$6:E56),IF(F56<>"",COUNTA($F$6:F56),""))
A57: TOTAL | E57: =SUM(E7:E56) -> 0 | F57: =SUM(F7:F56) -> 0

Sheet Sunpure Oil
A1: RVR FOOD & BEVERAGES PVT LTD | SUNPURE OIL
A2: Category: Kitchen | D2: Need to Pay (₹) | F2: Already Paid (₹)
A3: TOTAL | B3: =COUNTA(B6:B500) -> 1 | C3: 111100 | D3: =SUM(E6:E500) -> 0 | F3: =SUM(F6:F500) -> 100
A4: Balance: | B4: Need to Pay − Paid | C4: =D3-F3 -> -100 | D4: 👉 Enter data below from Row 6 onwards
A5: # | B5: Date | C5: Bill / Reference | D5: Qty | E5: Need to Pay (₹) | F5: Already Paid (₹) | G5: Notes
A6: → | B6: MARCH CARRY FORWARD | F6: 100 | G6: Opening balance carried from March 2026
A7: =IF(E7<>"",COUNTA($E$6:E7),IF(F7<>"",COUNTA($F$6:F7),""))
A8: =IF(E8<>"",COUNTA($E$6:E8),IF(F8<>"",COUNTA($F$6:F8),""))
A9: =IF(E9<>"",COUNTA($E$6:E9),IF(F9<>"",COUNTA($F$6:F9),""))
A10: =IF(E10<>"",COUNTA($E$6:E10),IF(F10<>"",COUNTA($F$6:F10),""))
A11: =IF(E11<>"",COUNTA($E$6:E11),IF(F11<>"",COUNTA($F$6:F11),""))
A12: =IF(E12<>"",COUNTA($E$6:E12),IF(F12<>"",COUNTA($F$6:F12),""))
A13: =IF(E13<>"",COUNTA($E$6:E13),IF(F13<>"",COUNTA($F$6:F13),""))
A14: =IF(E14<>"",COUNTA($E$6:E14),IF(F14<>"",COUNTA($F$6:F14),""))
A15: =IF(E15<>"",COUNTA($E$6:E15),IF(F15<>"",COUNTA($F$6:F15),""))
A16: =IF(E16<>"",COUNTA($E$6:E16),IF(F16<>"",COUNTA($F$6:F16),""))
A17: =IF(E17<>"",COUNTA($E$6:E17),IF(F17<>"",COUNTA($F$6:F17),""))
A18: =IF(E18<>"",COUNTA($E$6:E18),IF(F18<>"",COUNTA($F$6:F18),""))
... A56: =IF(E56<>"",COUNTA($E$6:E56),IF(F56<>"",COUNTA($F$6:F56),""))
A57: TOTAL | E57: =SUM(E7:E56) -> 0 | F57: =SUM(F7:F56) -> 0

Sheet Transport
A1: RVR FOOD & BEVERAGES PVT LTD | TRANSPORT
A2: Category: Catering Expense | D2: Need to Pay (₹) | F2: Already Paid (₹)
A3: TOTAL | B3: =COUNTA(B6:B500) -> 0 | C3: =SUM(E6:E1000) -> 0 | D3: =SUM(E6:E500) -> 0 | F3: =SUM(F6:F500) -> 0
A4: Balance: | B4: Need to Pay − Paid | C4: =D3-F3 -> 0 | D4: 👉 Enter data below from Row 6 onwards
A5: # | B5: Date | C5: Bill / Reference | D5: Qty | E5: Need to Pay (₹) | F5: Already Paid (₹) | G5: Notes
A6: =IF(E6<>"",COUNTA($E$6:E6),IF(F6<>"",COUNTA($F$6:F6),""))
A7: =IF(E7<>"",COUNTA($E$6:E7),IF(F7<>"",COUNTA($F$6:F7),""))
A8: =IF(E8<>"",COUNTA($E$6:E8),IF(F8<>"",COUNTA($F$6:F8),""))
A9: =IF(E9<>"",COUNTA($E$6:E9),IF(F9<>"",COUNTA($F$6:F9),""))
A10: =IF(E10<>"",COUNTA($E$6:E10),IF(F10<>"",COUNTA($F$6:F10),""))
A11: =IF(E11<>"",COUNTA($E$6:E11),IF(F11<>"",COUNTA($F$6:F11),""))
A12: =IF(E12<>"",COUNTA($E$6:E12),IF(F12<>"",COUNTA($F$6:F12),""))
A13: =IF(E13<>"",COUNTA($E$6:E13),IF(F13<>"",COUNTA($F$6:F13),""))
A14: =IF(E14<>"",COUNTA($E$6:E14),IF(F14<>"",COUNTA($F$6:F14),""))
A15: =IF(E15<>"",COUNTA($E$6:E15),IF(F15<>"",COUNTA($F$6:F15),""))
A16: =IF(E16<>"",COUNTA($E$6:E16),IF(F16<>"",COUNTA($F$6:F16),""))
A17: =IF(E17<>"",COUNTA($E$6:E17),IF(F17<>"",COUNTA($F$6:F17),""))
... A55: =IF(E55<>"",COUNTA($E$6:E55),IF(F55<>"",COUNTA($F$6:F55),""))
A56: TOTAL | E56: =SUM(E6:E55) -> 0 | F56: =SUM(F6:F55) -> 0

Sheet Vinayaka Provision Store
A1: RVR FOOD & BEVERAGES PVT LTD | VINAYAKA PROVISION STORE
A2: Category: Vendor Pay | D2: Need to Pay (₹) | F2: Already Paid (₹)
A3: TOTAL | B3: =COUNTA(B6:B500) -> 0 | C3: 27737 | D3: =SUM(E6:E500) -> 0 | F3: =SUM(F6:F500) -> 0
A4: Balance: | B4: Need to Pay − Paid | C4: =D3-F3 -> 0 | D4: 👉 Enter data below from Row 6 onwards
A5: # | B5: Date | C5: Bill / Reference | D5: Qty | E5: Need to Pay (₹) | F5: Already Paid (₹) | G5: Notes
A6: =IF(E6<>"",COUNTA($E$6:E6),IF(F6<>"",COUNTA($F$6:F6),""))
A7: =IF(E7<>"",COUNTA($E$6:E7),IF(F7<>"",COUNTA($F$6:F7),""))
A8: =IF(E8<>"",COUNTA($E$6:E8),IF(F8<>"",COUNTA($F$6:F8),""))
A9: =IF(E9<>"",COUNTA($E$6:E9),IF(F9<>"",COUNTA($F$6:F9),""))
A10: =IF(E10<>"",COUNTA($E$6:E10),IF(F10<>"",COUNTA($F$6:F10),""))
A11: =IF(E11<>"",COUNTA($E$6:E11),IF(F11<>"",COUNTA($F$6:F11),""))
A12: =IF(E12<>"",COUNTA($E$6:E12),IF(F12<>"",COUNTA($F$6:F12),""))
A13: =IF(E13<>"",COUNTA($E$6:E13),IF(F13<>"",COUNTA($F$6:F13),""))
A14: =IF(E14<>"",COUNTA($E$6:E14),IF(F14<>"",COUNTA($F$6:F14),""))
A15: =IF(E15<>"",COUNTA($E$6:E15),IF(F15<>"",COUNTA($F$6:F15),""))
A16: =IF(E16<>"",COUNTA($E$6:E16),IF(F16<>"",COUNTA($F$6:F16),""))
A17: =IF(E17<>"",COUNTA($E$6:E17),IF(F17<>"",COUNTA($F$6:F17),""))
... A55: =IF(E55<>"",COUNTA($E$6:E55),IF(F55<>"",COUNTA($F$6:F55),""))
A56: TOTAL | E56: =SUM(E6:E55) -> 0 | F56: =SUM(F6:F55) -> 0

Sheet Water Anytime
A1: RVR FOOD & BEVERAGES PVT LTD | WATER ANYTIME
A2: Category: Vendor Pay | D2: Need to Pay (₹) | F2: Already Paid (₹)
A3: TOTAL | B3: =COUNTA(B6:B500) -> 1 | C3: 43200 | D3: =SUM(E6:E500) -> 42400 | F3: =SUM(F6:F500) -> 0
A4: Balance: | B4: Need to Pay − Paid | C4: =D3-F3 -> 42400 | D4: 👉 Enter data below from Row 6 onwards
A5: # | B5: Date | C5: Bill / Reference | D5: Qty | E5: Need to Pay (₹) | F5: Already Paid (₹) | G5: Notes
A6: → | B6: MARCH CARRY FORWARD | E6: 42400 | G6: Opening balance carried from March 2026
A7: =IF(E7<>"",COUNTA($E$6:E7),IF(F7<>"",COUNTA($F$6:F7),""))
A8: =IF(E8<>"",COUNTA($E$6:E8),IF(F8<>"",COUNTA($F$6:F8),""))
A9: =IF(E9<>"",COUNTA($E$6:E9),IF(F9<>"",COUNTA($F$6:F9),""))
A10: =IF(E10<>"",COUNTA($E$6:E10),IF(F10<>"",COUNTA($F$6:F10),""))
A11: =IF(E11<>"",COUNTA($E$6:E11),IF(F11<>"",COUNTA($F$6:F11),""))
A12: =IF(E12<>"",COUNTA($E$6:E12),IF(F12<>"",COUNTA($F$6:F12),""))
A13: =IF(E13<>"",COUNTA($E$6:E13),IF(F13<>"",COUNTA($F$6:F13),""))
A14: =IF(E14<>"",COUNTA($E$6:E14),IF(F14<>"",COUNTA($F$6:F14),""))
A15: =IF(E15<>"",COUNTA($E$6:E15),IF(F15<>"",COUNTA($F$6:F15),""))
A16: =IF(E16<>"",COUNTA($E$6:E16),IF(F16<>"",COUNTA($F$6:F16),""))
A17: =IF(E17<>"",COUNTA($E$6:E17),IF(F17<>"",COUNTA($F$6:F17),""))
A18: =IF(E18<>"",COUNTA($E$6:E18),IF(F18<>"",COUNTA($F$6:F18),""))
... A56: =IF(E56<>"",COUNTA($E$6:E56),IF(F56<>"",COUNTA($F$6:F56),""))
A57: TOTAL | E57: =SUM(E7:E56) -> 0 | F57: =SUM(F7:F56) -> 0

Sheet Gayathri Grocery
A1: RVR FOOD & BEVERAGES PVT LTD | GAYATHRI GROCERY
A2: Category: Grocery | D2: Need to Pay (₹) | F2: Already Paid (₹)
A3: TOTAL | B3: =COUNTA(B6:B500) -> 0 | C3: 0 | D3: =SUM(E6:E500) -> 0 | F3: =SUM(F6:F500) -> 0
A4: Balance: | B4: Need to Pay − Paid | C4: =D3-F3 -> 0 | D4: 👉 Enter data below from Row 6 onwards
A5: # | B5: Date | C5: Bill / Reference | D5: Qty | E5: Need to Pay (₹) | F5: Already Paid (₹) | G5: Notes
A6: =IF(E6<>"",COUNTA($E$6:E6),IF(F6<>"",COUNTA($F$6:F6),""))
A7: =IF(E7<>"",COUNTA($E$6:E7),IF(F7<>"",COUNTA($F$6:F7),""))
A8: =IF(E8<>"",COUNTA($E$6:E8),IF(F8<>"",COUNTA($F$6:F8),""))
A9: =IF(E9<>"",COUNTA($E$6:E9),IF(F9<>"",COUNTA($F$6:F9),""))
A10: =IF(E10<>"",COUNTA($E$6:E10),IF(F10<>"",COUNTA($F$6:F10),""))
A11: =IF(E11<>"",COUNTA($E$6:E11),IF(F11<>"",COUNTA($F$6:F11),""))
A12: =IF(E12<>"",COUNTA($E$6:E12),IF(F12<>"",COUNTA($F$6:F12),""))
A13: =IF(E13<>"",COUNTA($E$6:E13),IF(F13<>"",COUNTA($F$6:F13),""))
A14: =IF(E14<>"",COUNTA($E$6:E14),IF(F14<>"",COUNTA($F$6:F14),""))
A15: =IF(E15<>"",COUNTA($E$6:E15),IF(F15<>"",COUNTA($F$6:F15),""))
A16: =IF(E16<>"",COUNTA($E$6:E16),IF(F16<>"",COUNTA($F$6:F16),""))
A17: =IF(E17<>"",COUNTA($E$6:E17),IF(F17<>"",COUNTA($F$6:F17),""))
... A55: =IF(E55<>"",COUNTA($E$6:E55),IF(F55<>"",COUNTA($F$6:F55),""))
A56: TOTAL | E56: =SUM(E6:E55) -> 0 | F56: =SUM(F6:F55) -> 0
